{"cameraMode":{"drawMode":0,"name":"Shaded","section":"Shading Mode"},"sceneLighting":true,"audioPlay":false,"sceneViewState":{"m_AlwaysRefresh":false,"showFog":true,"showSkybox":true,"showFlares":true,"showImageEffects":true,"showParticleSystems":true,"showVisualEffectGraphs":true,"m_FxEnabled":true},"in2DMode":false,"pivot":{"x":7.079579830169678,"y":4.421678066253662,"z":3.2400989532470705},"rotation":{"x":0.1406175047159195,"y":0.017979027703404428,"z":-0.0023881890811026098,"w":0.9900467395782471},"size":11.91766357421875,"orthographic":true}